-----------------------------------------
-- AMIGO
-----------------------------------------
INSERT INTO AMIGO (ANOME, SEXO, IDADE) VALUES ('JOAO', 'M', 25);
INSERT INTO AMIGO (ANOME, SEXO, IDADE) VALUES ('MARIA', 'F', 22);
INSERT INTO AMIGO (ANOME, SEXO, IDADE) VALUES ('CARLOS', 'M', 30);
INSERT INTO AMIGO (ANOME, SEXO, IDADE) VALUES ('ANA', 'F', 28);

-----------------------------------------
-- PRESENTE
-----------------------------------------
INSERT INTO PRESENTE (PDESCRICAO, PVALOR) VALUES ('CAIXA DE CHOCOLATES', 35.90);
INSERT INTO PRESENTE (PDESCRICAO, PVALOR) VALUES ('CAMISETA PERSONALIZADA', 59.90);
INSERT INTO PRESENTE (PDESCRICAO, PVALOR) VALUES ('LIVRO DE FICCAO', 42.00);
INSERT INTO PRESENTE (PDESCRICAO, PVALOR) VALUES ('FONE DE OUVIDO', 79.90);

-----------------------------------------
-- LISTAPRESENTE (dobrado)
-----------------------------------------

-- JOAO (AID 1)
INSERT INTO LISTAPRESENTE (AID, PID, PREFERENCIA) VALUES (1, 1, 5);
INSERT INTO LISTAPRESENTE (AID, PID, PREFERENCIA) VALUES (1, 2, 4);
INSERT INTO LISTAPRESENTE (AID, PID, PREFERENCIA) VALUES (1, 3, 3);
INSERT INTO LISTAPRESENTE (AID, PID, PREFERENCIA) VALUES (1, 4, 2);

-- MARIA (AID 2)
INSERT INTO LISTAPRESENTE (AID, PID, PREFERENCIA) VALUES (2, 2, 5);
INSERT INTO LISTAPRESENTE (AID, PID, PREFERENCIA) VALUES (2, 4, 4);
INSERT INTO LISTAPRESENTE (AID, PID, PREFERENCIA) VALUES (2, 1, 3);
INSERT INTO LISTAPRESENTE (AID, PID, PREFERENCIA) VALUES (2, 3, 2);

-- CARLOS (AID 3)
INSERT INTO LISTAPRESENTE (AID, PID, PREFERENCIA) VALUES (3, 3, 5);
INSERT INTO LISTAPRESENTE (AID, PID, PREFERENCIA) VALUES (3, 1, 4);
INSERT INTO LISTAPRESENTE (AID, PID, PREFERENCIA) VALUES (3, 2, 3);
INSERT INTO LISTAPRESENTE (AID, PID, PREFERENCIA) VALUES (3, 4, 2);

-- ANA (AID 4)
INSERT INTO LISTAPRESENTE (AID, PID, PREFERENCIA) VALUES (4, 1, 4);
INSERT INTO LISTAPRESENTE (AID, PID, PREFERENCIA) VALUES (4, 3, 5);
INSERT INTO LISTAPRESENTE (AID, PID, PREFERENCIA) VALUES (4, 2, 3);
INSERT INTO LISTAPRESENTE (AID, PID, PREFERENCIA) VALUES (4, 4, 2);

-----------------------------------------
-- AMIGOSECRETO
-----------------------------------------
INSERT INTO AMIGOSECRETO (AID, AID_AMIGO, PID_RECEBIDO) VALUES (1, 2, 2);
INSERT INTO AMIGOSECRETO (AID, AID_AMIGO, PID_RECEBIDO) VALUES (2, 3, 4);
INSERT INTO AMIGOSECRETO (AID, AID_AMIGO, PID_RECEBIDO) VALUES (3, 4, 3);
INSERT INTO AMIGOSECRETO (AID, AID_AMIGO, PID_RECEBIDO) VALUES (4, 1, 1);

